id,modularity_class
3,0
11,0
15,0
16,0
18,0
20,0
23,0
26,0
27,0
28,0
33,0
34,0
37,0
43,0
46,0
49,0
50,0
52,0
54,0
66,0
71,0
75,0
78,0
82,0
85,0
86,0
91,0
92,0
94,0
95,0
103,0
104,0
105,0
106,0
109,0
111,0
116,0
119,0
120,0
123,0
125,0
131,0
135,0
140,0
143,0
144,0
146,0
147,0
148,0
152,0
163,0
174,0
176,0
180,0
183,0
184,0
185,0
188,0
190,0
191,0
193,0
195,0
197,0
199,0
200,0
202,0
204,0
205,0
206,0
208,0
220,0
224,0
226,0
227,0
232,0
238,0
239,0
240,0
249,0
252,0
253,0
256,0
257,0
259,0
260,0
261,0
269,0
270,0
271,0
272,0
273,0
274,0
276,0
277,0
278,0
279,0
287,0
289,0
293,0
295,0
298,0
301,0
305,0
309,0
311,0
314,0
322,0
331,0
332,0
345,0
346,0
348,0
355,0
357,0
360,0
373,0
374,0
375,0
379,0
381,0
384,0
386,0
389,0
396,0
399,0
402,0
406,0
409,0
410,0
412,0
415,0
417,0
420,0
426,0
430,0
431,0
435,0
436,0
439,0
442,0
455,0
456,0
457,0
463,0
464,0
465,0
469,0
472,0
480,0
481,0
484,0
489,0
497,0
505,0
511,0
512,0
531,0
533,0
543,0
545,0
551,0
552,0
554,0
562,0
567,0
571,0
573,0
577,0
578,0
580,0
581,0
582,0
587,0
594,0
603,0
604,0
607,0
609,0
614,0
618,0
620,0
625,0
631,0
632,0
633,0
639,0
641,0
650,0
652,0
659,0
661,0
663,0
672,0
673,0
678,0
681,0
682,0
684,0
686,0
688,0
690,0
698,0
702,0
703,0
704,0
706,0
721,0
723,0
732,0
736,0
739,0
743,0
750,0
752,0
760,0
764,0
767,0
772,0
773,0
774,0
775,0
779,0
782,0
783,0
787,0
788,0
791,0
794,0
797,0
799,0
803,0
805,0
806,0
807,0
811,0
813,0
828,0
829,0
830,0
838,0
841,0
843,0
845,0
850,0
856,0
859,0
860,0
861,0
863,0
864,0
865,0
869,0
872,0
874,0
875,0
882,0
884,0
888,0
889,0
891,0
894,0
895,0
900,0
903,0
905,0
906,0
913,0
914,0
916,0
918,0
921,0
925,0
927,0
931,0
937,0
939,0
940,0
941,0
1056,0
2,1
1,1
5,1
6,1
12,1
14,1
19,1
24,1
29,1
30,1
35,1
36,1
38,1
40,1
44,1
45,1
47,1
53,1
55,1
58,1
61,1
62,1
63,1
64,1
65,1
67,1
69,1
70,1
72,1
73,1
79,1
80,1
83,1
87,1
88,1
93,1
98,1
99,1
107,1
108,1
112,1
113,1
115,1
121,1
122,1
124,1
127,1
128,1
130,1
133,1
134,1
139,1
142,1
145,1
150,1
151,1
153,1
154,1
159,1
160,1
161,1
164,1
166,1
168,1
169,1
171,1
173,1
177,1
178,1
179,1
182,1
187,1
189,1
198,1
201,1
207,1
210,1
211,1
212,1
214,1
215,1
218,1
222,1
223,1
228,1
230,1
231,1
233,1
235,1
236,1
241,1
243,1
244,1
245,1
246,1
247,1
248,1
251,1
255,1
262,1
265,1
266,1
268,1
275,1
280,1
281,1
284,1
285,1
286,1
288,1
290,1
291,1
292,1
296,1
297,1
302,1
303,1
307,1
312,1
313,1
315,1
317,1
319,1
320,1
321,1
323,1
324,1
325,1
326,1
327,1
328,1
333,1
338,1
339,1
343,1
347,1
349,1
350,1
351,1
352,1
353,1
354,1
359,1
362,1
364,1
366,1
367,1
368,1
370,1
371,1
376,1
378,1
382,1
385,1
388,1
390,1
393,1
400,1
401,1
405,1
407,1
411,1
414,1
416,1
418,1
419,1
422,1
427,1
428,1
429,1
432,1
438,1
440,1
441,1
444,1
447,1
450,1
453,1
458,1
459,1
460,1
462,1
466,1
467,1
468,1
471,1
474,1
475,1
478,1
479,1
483,1
485,1
486,1
488,1
492,1
493,1
494,1
495,1
496,1
498,1
499,1
500,1
501,1
504,1
506,1
508,1
510,1
513,1
514,1
516,1
517,1
518,1
519,1
520,1
521,1
524,1
526,1
527,1
528,1
529,1
532,1
535,1
536,1
538,1
546,1
547,1
548,1
549,1
550,1
555,1
556,1
557,1
558,1
559,1
560,1
561,1
563,1
564,1
565,1
566,1
569,1
570,1
574,1
575,1
576,1
579,1
583,1
586,1
588,1
589,1
590,1
591,1
595,1
597,1
598,1
599,1
600,1
601,1
610,1
612,1
613,1
615,1
617,1
621,1
623,1
624,1
628,1
629,1
630,1
634,1
635,1
636,1
637,1
638,1
640,1
642,1
643,1
644,1
645,1
646,1
647,1
648,1
649,1
651,1
653,1
654,1
655,1
656,1
660,1
662,1
665,1
666,1
667,1
668,1
674,1
675,1
676,1
679,1
680,1
687,1
689,1
694,1
696,1
697,1
699,1
700,1
701,1
705,1
707,1
709,1
710,1
711,1
712,1
713,1
715,1
717,1
718,1
719,1
722,1
724,1
725,1
726,1
727,1
730,1
731,1
734,1
735,1
737,1
740,1
742,1
744,1
747,1
748,1
753,1
754,1
758,1
759,1
761,1
762,1
763,1
766,1
769,1
776,1
777,1
784,1
786,1
789,1
790,1
792,1
796,1
798,1
801,1
802,1
808,1
809,1
810,1
814,1
815,1
819,1
820,1
821,1
824,1
825,1
833,1
834,1
836,1
844,1
847,1
852,1
853,1
854,1
855,1
857,1
862,1
866,1
871,1
876,1
879,1
880,1
885,1
886,1
893,1
897,1
904,1
909,1
910,1
911,1
912,1
917,1
920,1
924,1
928,1
929,1
935,1
942,1
943,1
946,1
947,1
948,1
949,1
950,1
951,1
952,1
953,1
956,1
957,1
958,1
969,1
970,1
971,1
973,1
977,1
978,1
979,1
982,1
983,1
984,1
985,1
992,1
994,1
995,1
1000,1
1005,1
1006,1
1008,1
1009,1
1011,1
1021,1
1022,1
1023,1
1024,1
1027,1
1031,1
1033,1
1037,1
1041,1
1049,1
1058,1
1060,1
1062,1
4,2
7,2
9,2
10,2
13,2
17,2
21,2
56,2
57,2
68,2
74,2
77,2
84,2
89,2
97,2
101,2
114,2
126,2
136,2
138,2
149,2
155,2
158,2
170,2
196,2
209,2
217,2
229,2
234,2
263,2
300,2
304,2
308,2
316,2
334,2
336,2
340,2
358,2
377,2
387,2
391,2
392,2
395,2
424,2
425,2
433,2
452,2
461,2
487,2
502,2
507,2
515,2
523,2
530,2
534,2
537,2
539,2
540,2
541,2
542,2
553,2
584,2
608,2
616,2
619,2
626,2
627,2
657,2
670,2
683,2
691,2
693,2
695,2
708,2
720,2
738,2
746,2
755,2
765,2
768,2
770,2
771,2
785,2
793,2
816,2
817,2
818,2
822,2
835,2
846,2
849,2
867,2
870,2
881,2
898,2
902,2
907,2
915,2
934,2
936,2
938,2
945,2
954,2
955,2
959,2
960,2
961,2
962,2
963,2
964,2
965,2
966,2
968,2
972,2
974,2
975,2
976,2
980,2
981,2
986,2
987,2
988,2
989,2
990,2
991,2
993,2
996,2
997,2
998,2
999,2
1001,2
1002,2
1003,2
1010,2
1012,2
1013,2
1014,2
1015,2
1016,2
1017,2
1018,2
1019,2
1020,2
1025,2
1026,2
1028,2
1029,2
1030,2
1032,2
1034,2
1035,2
1036,2
1038,2
1039,2
1040,2
1042,2
1043,2
1044,2
1045,2
1046,2
1047,2
1048,2
1050,2
1051,2
1052,2
1053,2
1054,2
1055,2
1057,2
1059,2
1061,2
22,3
8,3
25,3
31,3
32,3
39,3
41,3
42,3
48,3
51,3
59,3
60,3
76,3
81,3
90,3
96,3
100,3
102,3
110,3
117,3
118,3
129,3
132,3
137,3
141,3
156,3
157,3
162,3
165,3
167,3
172,3
175,3
181,3
186,3
203,3
216,3
219,3
225,3
237,3
250,3
254,3
258,3
264,3
267,3
192,3
194,3
282,3
283,3
294,3
299,3
306,3
310,3
318,3
330,3
335,3
337,3
341,3
329,3
342,3
344,3
356,3
361,3
363,3
365,3
369,3
372,3
380,3
383,3
394,3
397,3
398,3
403,3
404,3
408,3
413,3
423,3
434,3
437,3
443,3
445,3
446,3
448,3
449,3
451,3
454,3
470,3
473,3
476,3
477,3
482,3
490,3
491,3
503,3
509,3
522,3
525,3
544,3
568,3
242,3
572,3
585,3
592,3
593,3
596,3
602,3
605,3
606,3
611,3
622,3
658,3
664,3
669,3
671,3
213,3
677,3
685,3
692,3
714,3
716,3
728,3
729,3
733,3
741,3
745,3
749,3
751,3
756,3
757,3
778,3
780,3
781,3
795,3
800,3
804,3
812,3
823,3
826,3
827,3
831,3
832,3
837,3
839,3
840,3
842,3
848,3
851,3
858,3
868,3
873,3
421,3
877,3
878,3
883,3
887,3
890,3
892,3
896,3
899,3
901,3
908,3
919,3
922,3
923,3
926,3
930,3
932,3
933,3
944,3
967,3
1004,3
1007,3
