id,modularity_class
2,2
1,1
3,0
4,2
5,2
6,1
7,2
9,0
10,2
11,0
8,1
12,1
13,2
14,1
15,0
16,0
17,2
18,0
19,1
20,0
21,2
22,1
23,0
24,2
25,1
26,0
27,0
28,0
29,1
30,1
31,1
32,1
33,0
34,0
35,2
36,1
37,0
38,2
39,1
40,1
41,0
42,1
43,0
44,2
45,1
46,0
47,2
48,1
49,0
50,0
51,1
52,0
53,1
54,0
55,2
56,2
57,0
58,1
59,0
60,0
61,1
62,1
63,1
64,1
65,1
66,0
67,1
68,1
69,1
70,1
71,0
72,1
73,1
74,2
75,0
76,0
77,2
78,0
79,2
80,2
81,0
82,0
83,2
84,2
85,0
86,0
87,1
88,1
89,1
90,1
91,0
92,0
93,1
94,0
95,0
96,0
97,2
98,1
99,1
100,1
101,2
102,1
103,0
104,2
105,0
106,0
107,1
108,1
109,0
110,1
111,0
112,2
113,1
114,2
115,1
116,0
117,1
118,0
119,0
120,0
121,1
122,1
123,0
124,1
125,0
126,2
127,1
128,2
129,1
130,1
131,0
132,1
133,1
134,2
135,0
136,2
137,0
138,1
139,1
140,0
141,0
142,1
143,0
144,0
145,1
146,0
147,0
148,0
149,0
150,1
151,1
152,0
153,1
154,1
155,0
156,1
157,1
158,2
159,1
160,2
161,1
162,0
163,0
164,1
165,0
166,1
167,1
168,1
169,1
170,2
171,1
172,1
173,1
174,0
175,1
176,0
177,1
178,2
179,1
180,0
181,1
182,1
183,0
184,0
185,0
186,0
187,1
188,0
189,1
190,0
191,0
192,0
193,0
194,0
195,0
196,2
197,0
198,1
199,0
200,0
201,1
202,0
203,0
204,0
205,0
206,0
207,2
208,0
209,0
210,2
211,2
212,1
213,1
214,1
215,1
216,1
217,2
218,1
219,1
220,0
221,2
222,2
223,1
224,0
225,0
226,0
227,0
228,1
229,2
230,1
231,2
232,0
233,1
234,0
235,1
236,1
237,1
238,0
239,0
240,0
241,1
242,0
243,2
244,1
245,1
246,1
247,1
248,1
249,0
250,0
251,1
252,0
253,0
254,0
255,1
256,2
257,0
258,1
259,0
260,0
261,0
262,1
263,0
264,1
265,1
266,2
267,1
268,1
269,0
270,0
271,0
272,0
273,0
274,0
275,1
276,0
277,0
278,0
279,0
280,1
281,1
282,0
283,1
284,2
285,1
286,1
287,0
288,1
289,0
290,1
291,2
292,1
293,0
294,1
295,0
296,1
297,1
298,0
299,0
300,1
301,0
302,2
303,1
304,2
305,0
306,1
307,1
308,2
309,0
310,0
311,0
312,2
313,1
314,0
315,2
316,1
317,1
318,0
319,2
320,1
321,2
322,2
323,2
324,1
325,1
326,1
327,1
328,1
329,1
330,1
331,0
332,2
333,1
334,0
335,1
336,0
337,1
338,1
339,1
340,2
341,1
342,1
343,1
344,1
345,0
346,0
347,2
348,0
349,1
350,1
351,1
352,1
353,1
354,1
355,0
356,1
357,0
358,0
359,1
360,0
361,1
362,1
363,2
364,1
365,0
366,1
367,1
368,2
369,1
370,1
371,1
372,0
373,0
374,0
375,0
376,1
377,2
378,1
379,0
380,1
381,0
382,2
383,1
384,0
385,1
386,0
387,2
388,1
389,2
390,1
391,2
392,2
393,1
394,1
395,0
396,0
397,1
398,1
399,0
400,2
401,1
402,0
403,1
404,1
405,1
406,2
407,2
408,0
409,0
410,0
411,2
412,0
413,1
414,2
415,0
416,1
417,0
418,2
419,1
420,0
421,1
422,1
423,0
424,2
425,2
426,0
427,1
428,1
429,1
430,0
431,2
432,2
433,2
434,1
435,0
436,0
437,1
438,1
439,0
440,2
441,1
442,0
443,0
444,1
445,1
446,1
447,2
448,1
449,0
450,1
451,0
452,2
453,1
454,1
455,0
456,0
457,0
458,1
459,1
460,1
461,0
462,1
463,0
464,0
465,0
466,1
467,2
468,1
469,0
470,1
471,2
472,0
473,1
474,1
475,1
476,0
477,0
478,1
479,1
480,2
481,0
482,1
483,2
484,0
485,2
486,2
487,2
488,1
489,0
490,1
491,1
492,2
493,2
494,1
495,1
496,1
497,0
498,1
499,1
500,2
501,1
502,2
503,1
504,1
505,2
506,1
507,0
508,2
509,0
510,1
511,0
512,0
513,1
514,1
515,2
516,2
517,1
518,1
519,1
520,1
521,1
522,1
523,1
524,2
525,1
526,1
527,1
528,1
529,1
530,0
531,2
532,1
533,0
534,2
535,2
536,1
537,1
538,1
539,2
540,2
541,2
542,1
543,2
544,1
545,0
546,1
547,2
548,1
549,1
550,1
551,0
552,0
553,2
554,0
555,0
556,1
557,1
558,1
559,1
560,1
561,1
562,0
563,1
564,1
565,1
566,2
567,0
568,0
569,2
570,1
571,0
572,0
573,0
574,1
575,1
576,1
577,0
578,0
579,1
580,0
581,0
582,0
583,1
584,2
585,1
586,1
587,2
588,1
589,2
590,1
591,1
592,0
593,1
594,0
595,1
596,0
597,1
598,1
599,1
600,1
601,2
602,1
603,0
604,0
605,0
606,0
607,0
608,2
609,0
610,1
611,0
612,1
613,1
614,0
615,1
616,1
617,2
618,0
619,0
620,0
621,0
622,1
623,2
624,2
625,0
626,0
627,1
628,1
629,2
630,1
631,0
632,0
633,0
634,1
635,2
636,1
637,1
638,2
639,0
640,1
641,0
642,1
643,1
644,1
645,1
646,2
647,1
648,2
649,1
650,0
651,1
652,0
653,1
654,1
655,1
656,1
657,0
658,1
659,0
660,2
661,0
662,2
663,0
664,0
665,1
666,2
667,2
668,2
669,1
670,2
671,1
672,0
673,0
674,1
675,2
676,1
677,1
678,0
679,1
680,1
681,0
682,0
683,2
684,0
685,1
686,0
687,2
688,0
689,2
690,0
691,2
692,1
693,2
694,0
695,0
696,2
697,1
698,0
699,1
700,1
701,1
702,2
703,0
704,0
705,1
706,0
707,1
708,2
709,1
710,1
711,2
712,1
713,1
714,0
715,1
716,1
717,1
718,1
719,1
720,2
721,0
722,1
723,0
724,1
725,1
726,1
727,2
728,1
729,0
730,1
731,1
732,0
733,1
734,1
735,2
736,0
737,1
738,2
739,0
740,1
741,0
742,1
743,0
744,1
745,0
746,2
747,1
748,1
749,1
750,0
751,0
752,0
753,1
754,1
755,2
756,1
757,1
758,2
759,1
760,0
761,1
762,1
763,1
764,2
765,2
766,1
767,2
768,2
769,2
770,0
771,2
772,0
773,0
774,0
775,0
776,1
777,0
778,1
779,0
780,0
781,1
782,0
783,0
784,1
785,2
786,1
787,0
788,0
789,1
790,1
791,0
792,0
793,2
794,2
795,1
796,1
797,2
798,2
799,0
800,1
801,1
802,2
803,0
804,1
805,0
806,0
807,0
808,2
809,1
810,2
811,0
812,1
813,0
814,1
815,2
816,2
817,2
818,2
819,1
820,1
821,1
822,2
823,1
824,1
825,0
826,0
827,1
828,0
829,0
830,0
831,0
832,0
833,2
834,1
835,2
836,2
837,0
838,0
839,0
840,0
841,0
842,0
843,2
844,2
845,0
846,2
847,1
848,0
849,2
850,0
851,0
852,1
853,1
854,2
855,1
856,0
857,1
858,0
859,0
860,0
861,0
862,0
863,0
864,0
865,0
866,1
867,2
868,0
869,0
870,2
871,2
872,0
873,1
874,0
875,0
876,2
877,1
878,1
879,0
880,1
881,2
882,0
883,0
884,0
885,1
886,1
887,0
888,0
889,0
890,1
891,0
892,1
893,2
894,0
895,0
896,1
897,2
898,0
899,1
900,0
901,1
902,2
903,0
904,2
905,0
906,0
907,2
908,0
909,1
910,2
911,2
912,1
913,0
914,0
915,0
916,0
917,1
918,2
919,1
920,1
921,0
922,1
923,0
924,1
925,0
926,1
927,0
928,1
929,1
930,1
931,0
932,1
933,1
934,2
935,2
936,2
937,0
938,2
939,0
940,0
941,0
942,2
943,2
944,1
945,2
946,1
947,1
948,1
949,1
950,1
951,1
952,2
953,2
954,2
955,2
956,2
957,2
958,2
959,2
960,2
961,2
962,2
963,2
964,2
965,0
966,2
967,1
968,2
969,2
970,1
971,1
972,2
973,1
974,2
975,2
976,2
977,1
978,1
979,1
980,2
981,2
982,1
983,1
984,2
985,1
986,2
987,2
988,2
989,2
990,2
991,2
992,1
993,2
994,2
995,1
996,2
997,2
998,2
999,2
1000,1
1001,2
1002,2
1003,2
1004,1
1005,2
1006,1
1007,1
1008,2
1009,2
1010,2
1011,1
1012,2
1013,2
1014,2
1015,2
1016,2
1017,2
1018,2
1019,2
1020,2
1021,2
1022,2
1023,1
1024,2
1025,2
1026,2
1027,2
1028,2
1029,2
1030,2
1031,2
1032,2
1033,1
1034,2
1035,2
1036,0
1037,1
1038,2
1039,2
1040,2
1041,1
1042,2
1043,2
1044,2
1045,2
1046,0
1047,2
1048,2
1049,2
1050,2
1051,2
1052,2
1053,2
1054,2
1055,2
1056,2
1057,2
1058,2
1059,2
1060,1
1061,2
1062,2
